{
  "aesthetic_intelligence": {
    "burch_alignment_score": 0.98,
    "confidence": 0.5891721053158522,
    "key_strengths": [
      "Strong American heritage appeal",
      "Timeless design appeal"
    ],
    "improvement_areas": [
      "Strengthen feminine empowerment aspects",
      "Optimize color palette alignment"
    ],
    "dna_signature": {
      "primary_dimension": -0.32103515928213794,
      "secondary_dimension": 0.17387710068278975,
      "tertiary_dimension": 0.22074292286088182,
      "signature_strength": 0.42664300958802304
    }
  },
  "investment_optimization": {
    "conservative": {
      "allocation_weights": {
        "handbags": 0.23722818756644837,
        "shoes": 0.2589899397363236,
        "apparel": 0.20497966826340103,
        "accessories": 0.14914447172061004,
        "jewelry": 0.13309291152513153,
        "home": 0.016564821188085405
      },
      "expected_return": 0.08269855788728325,
      "expected_volatility": 0.1548643228205787,
      "sharpe_ratio": 0.3725748890151486,
      "max_position_size": 0.15,
      "rebalancing_frequency_months": 6
    },
    "balanced": {
      "allocation_weights": {
        "handbags": 0.18035777513322718,
        "shoes": 0.24338728514405292,
        "apparel": 0.1960243944731585,
        "accessories": 0.25188339635091805,
        "jewelry": 0.12834714889864335,
        "home": 0.0
      },
      "expected_return": 0.10057881152478428,
      "expected_volatility": 0.23284593593318897,
      "sharpe_ratio": 0.3245872049339537,
      "max_position_size": 0.25,
      "rebalancing_frequency_months": 3
    },
    "aggressive": {
      "allocation_weights": {
        "handbags": 0.16057955241749047,
        "shoes": 0.19655209406117577,
        "apparel": 0.30806172478153115,
        "accessories": 0.18296754229313547,
        "jewelry": 0.12123779971048484,
        "home": 0.030601286736182294
      },
      "expected_return": 0.12745082641691133,
      "expected_volatility": 0.40854338092937237,
      "sharpe_ratio": 0.25077098589592056,
      "max_position_size": 0.25,
      "rebalancing_frequency_months": 3
    }
  },
  "trend_prediction": {
    "lifecycle_phases": {
      "emergence": {
        "duration_days": 14,
        "intensity_range": [
          0.1,
          0.3
        ],
        "investment_recommendation": "WATCH"
      },
      "growth": {
        "duration_days": 44,
        "intensity_range": [
          0.3,
          0.6096606682388722
        ],
        "investment_recommendation": "BUY"
      },
      "maturity": {
        "duration_days": 127,
        "intensity_range": [
          0.4877285345910978,
          0.6096606682388722
        ],
        "investment_recommendation": "REDUCE"
      },
      "decline": {
        "duration_days": 64,
        "intensity_range": [
          0.12193213364777444,
          0.4877285345910978
        ],
        "investment_recommendation": "HOLD"
      }
    },
    "total_duration_days": 249,
    "peak_intensity": 0.6096606682388722,
    "burch_optimal_entry": "growth",
    "burch_optimal_exit": "growth",
    "roi_potential": 1.0813679609986275
  },
  "market_intelligence": {
    "market_conditions": {
      "luxury_sentiment": 0.7,
      "digital_influence": 0.85,
      "sustainability_pressure": 0.7,
      "season_factor": 0.5
    },
    "emerging_opportunities": [
      {
        "category": "digital_first_brands",
        "burch_fit_score": 0.9228763222445978,
        "market_size_millions": 5.496110164893808,
        "growth_rate_annual": 0.2034769284554001,
        "entry_barrier_score": 0.7450945307198997,
        "time_to_market_months": 15
      },
      {
        "category": "tech_accessories",
        "burch_fit_score": 0.7234875234664804,
        "market_size_millions": 40.41830107268886,
        "growth_rate_annual": 0.16560635399341228,
        "entry_barrier_score": 0.3270814846066456,
        "time_to_market_months": 6
      },
      {
        "category": "digital_first_brands",
        "burch_fit_score": 0.7754925744648571,
        "market_size_millions": 49.868839776925725,
        "growth_rate_annual": 0.1229713220873006,
        "entry_barrier_score": 0.47816700325121697,
        "time_to_market_months": 12
      }
    ],
    "competitive_landscape": {
      "luxury_segment": {
        "market_share_pressure": 0.7859972875457351,
        "pricing_elasticity": 0.29435562176966024,
        "brand_loyalty_strength": 0.8579603161047227
      },
      "contemporary_segment": {
        "market_share_pressure": 0.8701359524408167,
        "pricing_elasticity": 0.5592958001782568,
        "brand_loyalty_strength": 0.5709225059257427
      }
    },
    "strategic_recommendations": [
      {
        "priority": "MEDIUM",
        "action": "Expand digital-first product lines",
        "rationale": "High digital influence requires native digital product strategy",
        "timeline": "3-6 months"
      }
    ]
  },
  "optimization_timestamp": "2025-06-19T21:24:15.771730",
  "system_confidence": 0.939344330186032
}